case,unit,is_treated,post_pre_rmspe_ratio,treated_rank,n_units,p
KSI,UCGmnsW623G1r-Chmo5RB4Yw,True,0.3464278267929974,41.0,41.0,1.0
KSI,UCYd0us2OtW4d4-1cfpT2ktw,False,0.9286380452893664,,,
KSI,UCUgvCC6iygghq-f2r96P-Jw,False,3.386244519450139,,,
KSI,UCzXwjTI6c6mVn6oui_p6oiw,False,2.205293469769747,,,
KSI,UCpB959t8iPrxQWj7G6n0ctQ,False,4.006365190512611,,,
KSI,UCwD4x63A9KC7Si2RuSfg-SA,False,7.445019160520867,,,
KSI,UCAbdeLiTPdjk1X2TY_ZdLDw,False,1.6382152707290307,,,
KSI,UCJ2ZDzMRgSrxmwphstrm8Ww,False,1.2808294673221687,,,
KSI,UCm3hAp1m1xlAz0ve_EKAo4g,False,3.5822005945567033,,,
KSI,UCuhwvTYFvVZjyBVXc9T7CrA,False,3.670267132711326,,,
KSI,UCHEf6T_gVq4tlW5i91ESiWg,False,0.6680030464911366,,,
KSI,UCNvzD7Z-g64bPXxGzaQaa4g,False,0.8889188377638177,,,
KSI,UCKQ5Jj35sjTmJigRtlCPhVQ,False,7.369356605403452,,,
KSI,UC2t5bjwHdUX4vM2g8TRDq5g,False,0.7991701191300064,,,
KSI,UCO7dBj4bwaDOMoX-kKYF2Ww,False,1.3089200417153857,,,
KSI,UCESiRVMacmdsijiOtKvOeKQ,False,1.999168344708589,,,
KSI,UCSh__r5HS4Y1xBkccWnV0TA,False,4.231541363713887,,,
KSI,UCj0lRqUVkLgTpHZxzyionQw,False,0.6001574547743891,,,
KSI,UC4eYXhJI4-7wSWc8UNRwD4A,False,1.3352234101866665,,,
KSI,UCpqXJOEqGS-TCnazcHCo0rA,False,2.775621205481359,,,
KSI,UC-kOXc3gBwksVfmndSEz7jg,False,1.0361719295150522,,,
KSI,UCGaVdbSav8xWuFWTadK6loA,False,1.2272120206733728,,,
KSI,UCjB_adDAIxOL8GA4Y4OCt8g,False,2.2865647599498957,,,
KSI,UCOrd4AWNd6lOgv0UWv84H2g,False,1.8885403470729443,,,
KSI,UC2wKfjlioOCLP4xQMOWNcgg,False,7.181478724284315,,,
KSI,UC18NaGQLruOEw65eQE3bNbg,False,5.811369645948427,,,
KSI,UCkWAs7_9dVYbiicWpP_hMkg,False,1.0927195087805655,,,
KSI,UCelMeixAOTs2OQAAi9wU8-g,False,5.196037074578518,,,
KSI,UCt8CdzMEoTie3iix3KmvV7A,False,1.1134329507329837,,,
KSI,UCDlMf3zbdoWYzTwQsaD0fRA,False,3.0369857618776854,,,
KSI,UCCWSG8MXoqvIEBPRnOSxwzw,False,2.1899409807650914,,,
KSI,UCuTaETsuCOkJ0H_GAztWt0Q,False,2.866917886521897,,,
KSI,UC7Q7pl0z0MrdayvmAnchlJQ,False,8.098547738997654,,,
KSI,UCHZZo1h1cI1vg4I9g2RqOUQ,False,1.7866001371103473,,,
KSI,UCYBSaV5kXMCSlj0S4cnIThA,False,0.951515745616613,,,
KSI,UCvPW1W4WlpTgNezZzwIstLA,False,1.6113791048965074,,,
KSI,UCazPGMOd9uC6lEx6FlnteWg,False,1.2610831305571335,,,
KSI,UCDfYcuNw-ff952Xn0VDWwDw,False,2.1728643366839715,,,
KSI,UCPcABVoFfCK5gDfX0PY1KGg,False,1.4897660406480477,,,
KSI,UCRei8TBpt4r0WPZ7MkiKmVg,False,0.609488151700428,,,
KSI,UCvyN-kMH-IrXzWNeZaQ_XaQ,False,2.0347883249300347,,,
Team 10,UCcgVECVN4OKV6DH1jLkqmcA,True,2.323405722846781,15.0,41.0,0.36585365853658536
Team 10,UCpB959t8iPrxQWj7G6n0ctQ,False,3.644914233194852,,,
Team 10,UCsvn_Po0SmunchJYOWpOxMg,False,1.8171324110533664,,,
Team 10,UCwD4x63A9KC7Si2RuSfg-SA,False,1.218496766264369,,,
Team 10,UCDF1VXLA5-MHigyce2SQovQ,False,2.471927718369455,,,
Team 10,UCd534c_ehOvrLVL2v7Nl61w,False,2.9881111229910617,,,
Team 10,UC_hSjGOO67A6gIDUcyuv_8A,False,1.6894115461959773,,,
Team 10,UClx1ElJ0XUjO74hZUm4yq-w,False,1.6238665323645836,,,
Team 10,UC2t5bjwHdUX4vM2g8TRDq5g,False,1.609735813288787,,,
Team 10,UCHZZo1h1cI1vg4I9g2RqOUQ,False,1.191555379348839,,,
Team 10,UCZIIRX8rkNjVpP-oLMHpeDw,False,1.0882401577928071,,,
Team 10,UCKYb5XBe-5OSEgLijLSoDtw,False,1.962369011538928,,,
Team 10,UC-kOXc3gBwksVfmndSEz7jg,False,3.695669650829212,,,
Team 10,UCzXwjTI6c6mVn6oui_p6oiw,False,6.634872575569107,,,
Team 10,UCije75lmV_7fVP7m4dJ7ZoQ,False,1.496473852922124,,,
Team 10,UCG67Fgo8Sxm4G4TMIFjXhjQ,False,1.2769815414511703,,,
Team 10,UC18NaGQLruOEw65eQE3bNbg,False,1.9414232586870703,,,
Team 10,UCAN9EtZF6VbQDUUz6OiUxqA,False,3.278576368175938,,,
Team 10,UCESiRVMacmdsijiOtKvOeKQ,False,2.6049351490129338,,,
Team 10,UCt8CdzMEoTie3iix3KmvV7A,False,1.3779789568617224,,,
Team 10,UC3DkFux8Iv-aYnTRWzwaiBA,False,3.3888480002534913,,,
Team 10,UCedicLbmN_7vPUmPXlvKPFg,False,4.822350415836289,,,
Team 10,UCj0lRqUVkLgTpHZxzyionQw,False,1.3119629764445633,,,
Team 10,UCNvzD7Z-g64bPXxGzaQaa4g,False,3.461306870913718,,,
Team 10,UCpqXJOEqGS-TCnazcHCo0rA,False,1.7066049070884863,,,
Team 10,UCSh__r5HS4Y1xBkccWnV0TA,False,1.6799370120554984,,,
Team 10,UCWI1AJmkMm_sbTX_Ps8gQAw,False,0.8992900838767247,,,
Team 10,UC2wKfjlioOCLP4xQMOWNcgg,False,10.49751110162327,,,
Team 10,UCRH6FEPoRlqFLY_-TOs78Aw,False,2.1144874331859786,,,
Team 10,UCP-iaFrmWcOG0o461wMicdg,False,1.7901232094717732,,,
Team 10,UCPcABVoFfCK5gDfX0PY1KGg,False,2.335121364646447,,,
Team 10,UCgIGMDYhCqiwls28cygpYqg,False,1.4221487833543072,,,
Team 10,UCO7dBj4bwaDOMoX-kKYF2Ww,False,1.6038215022217452,,,
Team 10,UCeoOSCTTEIr86AnBJk8C3hw,False,1.2188809831346075,,,
Team 10,UCQiojTHkAvFvdCSajklqUXA,False,2.0489902006839738,,,
Team 10,UCvPW1W4WlpTgNezZzwIstLA,False,1.038909055789881,,,
Team 10,UC4eYXhJI4-7wSWc8UNRwD4A,False,0.801819533931865,,,
Team 10,UCjB_adDAIxOL8GA4Y4OCt8g,False,2.0487426953466774,,,
Team 10,UCs06q9pyRn8d8xy0NgzKPrA,False,2.635331928095327,,,
Team 10,UCH-_hzb2ILSCo9ftVSnrCIQ,False,2.490762941587041,,,
Team 10,UClqx4vYPFEKZD-i6VcL3qsw,False,1.8380701616308055,,,
